ts,gpu_w,gpu_busy_pct,gpu_vram_mib,gpu_temp_c,cpu_pkg_w,cpu_util_pct,mem_used_mib
1789628420.630,19.0,3.0,22954.20703125,50.0,22.72,0.6,5865
1789628421.632,13.0,0.0,22954.20703125,46.0,18.92,0.0,5850
1789628422.634,12.0,0.0,22954.20703125,46.0,22.75,0.1,5840
1789628423.635,12.0,0.0,22954.20703125,45.0,20.54,0.0,5822
1789628424.636,12.0,0.0,22954.20703125,45.0,21.21,0.1,5815
1789628425.637,12.0,0.0,22954.20703125,45.0,16.32,0.0,5810
1789628426.639,12.0,0.0,22954.20703125,45.0,21.46,0.0,5800
1789628427.640,12.0,0.0,22954.20703125,44.0,22.83,0.1,5792
1789628428.641,12.0,0.0,22954.20703125,44.0,19.29,0.0,5783
1789628429.643,12.0,0.0,22954.20703125,44.0,21.12,0.0,5780
1789628430.645,12.0,0.0,22954.20703125,44.0,20.82,0.1,5774
1789628431.647,12.0,0.0,22954.20703125,43.0,21.12,0.0,5769
1789628432.649,11.0,0.0,22954.20703125,43.0,20.7,0.0,5764
1789628433.650,11.0,0.0,22954.20703125,43.0,20.26,0.0,5759
1789628434.652,11.0,0.0,22954.20703125,43.0,21.09,0.1,5756
1789628435.653,11.0,0.0,22954.20703125,42.0,16.45,0.1,5754
1789628436.655,11.0,0.0,22954.20703125,42.0,22.93,0.0,5750
1789628437.657,11.0,0.0,22954.20703125,42.0,23.1,0.0,5748
1789628438.658,11.0,0.0,22954.20703125,42.0,15.06,0.0,5747
1789628439.660,11.0,0.0,22954.20703125,42.0,25.57,0.2,5746
1789628440.662,11.0,0.0,22954.20703125,41.0,21.01,0.1,5745
1789628441.663,11.0,0.0,22954.20703125,41.0,20.75,0.0,5745
1789628442.665,11.0,0.0,22954.20703125,41.0,16.92,0.0,5743
1789628443.667,11.0,0.0,22954.20703125,41.0,21.04,0.0,5742
1789628444.669,11.0,0.0,22954.20703125,41.0,21.09,0.0,5741
1789628445.670,11.0,0.0,22954.20703125,41.0,20.78,0.0,5741
1789628446.671,11.0,0.0,22954.20703125,40.0,20.9,0.0,5740
1789628447.673,10.0,0.0,22954.20703125,40.0,21.05,0.1,5740
1789628448.675,10.0,0.0,22954.20703125,40.0,21.23,0.1,5740
1789628449.677,10.0,0.0,22954.20703125,40.0,20.74,0.0,5740
1789628450.679,10.0,0.0,22954.20703125,40.0,17.86,0.0,5740
1789628451.680,10.0,0.0,22954.20703125,40.0,23.26,0.1,5740
1789628452.682,10.0,0.0,22954.20703125,39.0,19.64,0.0,5740
1789628453.683,10.0,0.0,22954.20703125,39.0,18.8,0.0,5740
1789628454.684,10.0,0.0,22954.20703125,39.0,20.24,0.0,5740
1789628455.686,10.0,0.0,22954.20703125,39.0,20.59,0.0,5740
1789628456.688,10.0,0.0,22954.20703125,39.0,23.44,0.0,5740
1789628457.689,10.0,0.0,22954.20703125,39.0,17.72,0.0,5740
1789628458.692,10.0,0.0,22954.20703125,39.0,20.93,0.1,5740
1789628459.693,10.0,0.0,22954.20703125,39.0,21.08,0.0,5740
1789628460.695,10.0,0.0,22954.20703125,38.0,21.31,0.0,5740
1789628461.697,10.0,0.0,22954.20703125,38.0,21.08,0.1,5740
1789628462.698,10.0,0.0,22954.20703125,38.0,8.39,0.0,5740
1789628463.700,126.0,67.0,22966.18359375,46.0,40.49,1.7,5903
1789628464.702,301.0,98.0,22966.18359375,72.0,28.63,2.1,5903
1789628465.702,300.0,98.0,22966.18359375,74.0,28.66,2.1,5903
1789628466.704,300.0,98.0,22966.18359375,75.0,28.71,2.1,5902
1789628467.704,299.0,98.0,22966.18359375,76.0,28.7,2.1,5902
1789628468.705,300.0,98.0,22966.18359375,77.0,28.71,2.1,5902
1789628469.706,299.0,98.0,22966.18359375,77.0,28.67,2.1,5902
1789628470.707,299.0,99.0,22966.18359375,78.0,28.74,2.2,5902
1789628471.708,300.0,98.0,22966.18359375,78.0,28.71,2.1,5902
1789628472.709,300.0,99.0,22966.18359375,78.0,28.7,2.0,5902
1789628473.709,299.0,98.0,22966.18359375,79.0,28.78,2.1,5902
1789628474.710,299.0,98.0,22966.18359375,79.0,28.86,2.2,5902
1789628475.710,300.0,98.0,22966.18359375,80.0,28.75,2.1,5902
1789628476.711,299.0,99.0,22966.18359375,80.0,28.85,2.1,5902
1789628477.712,300.0,98.0,22966.18359375,80.0,28.81,2.1,5902
1789628478.713,299.0,98.0,22966.18359375,81.0,28.78,2.2,5902
1789628479.713,300.0,99.0,22966.18359375,81.0,28.78,2.1,5902
1789628480.714,299.0,99.0,22966.18359375,82.0,28.8,2.1,5902
1789628481.714,300.0,99.0,22966.18359375,82.0,28.75,2.1,5902
1789628482.715,299.0,98.0,22966.18359375,82.0,28.85,2.1,5902
1789628483.716,300.0,98.0,22966.18359375,83.0,28.74,2.1,5902
1789628484.717,300.0,98.0,22966.18359375,83.0,28.75,2.1,5902
1789628485.718,300.0,98.0,22966.18359375,84.0,28.75,2.1,5902
1789628486.719,300.0,98.0,22966.18359375,84.0,28.78,2.1,5902
1789628487.721,300.0,98.0,22966.18359375,84.0,28.67,2.1,5900
1789628488.721,299.0,98.0,22966.27734375,85.0,28.74,2.1,5900
1789628489.722,299.0,98.0,22966.27734375,85.0,28.76,2.1,5900
1789628490.723,300.0,98.0,22966.27734375,85.0,28.63,2.2,5900
1789628491.724,300.0,98.0,22966.27734375,86.0,28.68,2.1,5900
1789628492.725,300.0,98.0,22966.27734375,86.0,28.64,2.1,5900
1789628493.726,299.0,98.0,22966.27734375,86.0,28.72,2.1,5898
1789628494.727,300.0,98.0,22966.27734375,86.0,28.73,2.1,5898
1789628495.728,300.0,98.0,22966.375,87.0,28.75,2.1,5898
1789628496.729,300.0,98.0,22966.375,87.0,28.84,2.1,5898
1789628497.730,299.0,99.0,22966.375,87.0,28.79,2.0,5898
1789628498.731,300.0,99.0,22966.375,87.0,28.79,2.1,5898
1789628499.732,299.0,98.0,22966.375,88.0,28.8,2.1,5898
1789628500.733,300.0,98.0,22966.375,88.0,28.8,2.1,5898
1789628501.734,300.0,98.0,22966.46875,88.0,28.81,2.1,5897
1789628502.734,299.0,98.0,22966.46875,89.0,28.73,2.1,5897
1789628503.735,300.0,98.0,22966.46875,89.0,28.85,2.1,5897
1789628504.736,300.0,99.0,22966.46875,89.0,28.83,2.1,5897
1789628505.737,300.0,98.0,22966.46875,89.0,28.89,2.1,5897
1789628506.739,300.0,98.0,22966.46875,89.0,28.69,2.1,5897
1789628507.739,299.0,98.0,22966.46875,89.0,28.84,2.1,5897
1789628508.740,220.0,71.0,23029.49609375,81.0,29.41,2.4,6268
1789628509.742,301.0,100.0,23046.7421875,94.0,23.45,1.6,6267
1789628510.743,300.0,100.0,23052.7421875,95.0,23.25,2.0,6267
1789628511.744,300.0,100.0,23056.7421875,95.0,22.85,1.6,6267
1789628512.745,299.0,100.0,23060.7421875,96.0,22.09,1.7,6268
1789628513.746,299.0,100.0,23064.7421875,96.0,23.48,1.7,6268
1789628514.747,299.0,100.0,23068.7421875,96.0,22.87,1.6,6268
1789628515.748,299.0,100.0,23072.7421875,96.0,22.72,1.8,6268
1789628516.749,299.0,100.0,23076.7421875,96.0,22.67,1.7,6267
1789628517.750,300.0,100.0,23080.7421875,96.0,23.0,1.7,6267
1789628518.751,299.0,100.0,23084.74609375,96.0,22.42,1.8,6267
1789628519.752,294.0,98.0,23088.74609375,95.0,23.67,2.1,6564
1789628520.753,297.0,97.0,23088.74609375,93.0,28.03,2.2,6565
1789628521.755,277.0,90.0,23088.74609375,90.0,28.72,2.4,6792
1789628522.756,189.0,65.0,23088.75,76.0,29.91,3.2,7422
1789628523.757,300.0,98.0,23088.75,90.0,28.77,2.2,7422
1789628524.758,300.0,98.0,23088.75,90.0,28.87,2.1,7422
1789628525.759,300.0,98.0,23088.75,90.0,28.83,2.1,7422
1789628526.760,300.0,98.0,23088.75,90.0,28.83,2.2,7422
1789628527.762,299.0,98.0,23088.75,90.0,28.77,2.0,7422
1789628528.763,299.0,98.0,23088.75,90.0,28.83,2.1,7422
1789628529.764,300.0,98.0,23088.75,90.0,28.83,2.1,7422
1789628530.764,299.0,98.0,23088.75,90.0,28.91,2.2,7422
1789628531.765,300.0,98.0,23088.75,91.0,28.89,2.1,7422
1789628532.766,300.0,98.0,23088.75,91.0,28.84,2.1,7422
1789628533.767,190.0,61.0,23088.75,79.0,28.06,1.7,7647
1789628534.768,299.0,100.0,23088.75,95.0,22.17,1.4,7639
1789628535.769,299.0,100.0,23088.75,96.0,22.38,1.3,7631
1789628536.770,299.0,100.0,23088.75,96.0,21.12,1.4,7615
1789628537.771,299.0,100.0,23088.75,96.0,24.43,1.4,7615
1789628538.772,300.0,100.0,23088.75,96.0,22.12,1.4,7607
1789628539.774,299.0,100.0,23088.75,96.0,22.88,1.4,7607
1789628540.774,299.0,100.0,23088.75,96.0,22.11,1.4,7591
1789628541.776,300.0,100.0,23088.75,96.0,21.9,1.5,7584
1789628542.777,299.0,100.0,23088.75,96.0,24.12,1.6,7576
1789628543.778,299.0,100.0,23088.75,96.0,22.55,1.4,7568
1789628544.779,295.0,98.0,23088.75,96.0,23.04,2.1,7741
1789628545.779,298.0,97.0,23088.75,92.0,28.85,2.4,7741
1789628546.780,241.0,76.0,23088.75,87.0,29.33,3.1,8390
1789628547.781,220.0,79.0,23088.75,78.0,29.87,2.8,8654
1789628548.783,300.0,98.0,23088.75,90.0,28.93,2.1,8647
1789628549.784,300.0,98.0,23088.75,91.0,28.86,2.1,8631
1789628550.785,300.0,98.0,23088.75,91.0,28.71,2.2,8623
1789628551.785,300.0,98.0,23088.75,91.0,28.83,2.1,8623
1789628552.786,299.0,98.0,23088.75,91.0,28.69,2.1,8616
1789628553.787,299.0,98.0,23088.75,91.0,28.75,2.1,8616
1789628554.788,300.0,98.0,23088.75,91.0,28.66,2.1,8608
1789628555.789,300.0,98.0,23088.75,91.0,28.76,2.1,8608
1789628556.789,300.0,98.0,23088.75,91.0,28.87,2.1,8600
1789628557.790,300.0,98.0,23088.75,91.0,28.82,2.1,8600
1789628558.791,299.0,98.0,23088.75,91.0,28.8,2.1,8592
1789628559.792,299.0,98.0,23088.75,91.0,28.78,2.2,8584
1789628560.792,300.0,98.0,23088.75,91.0,28.75,2.1,8576
1789628561.793,300.0,98.0,23088.75,91.0,28.79,2.1,8568
1789628562.793,299.0,98.0,23088.75,92.0,28.83,2.1,8560
1789628563.794,300.0,98.0,23088.75,92.0,28.71,2.1,8553
1789628564.795,300.0,98.0,23088.75,92.0,28.78,2.1,8545
1789628565.796,300.0,98.0,23088.75,92.0,28.77,2.1,8537
1789628566.797,299.0,98.0,23088.75,92.0,28.69,2.2,8529
1789628567.798,300.0,98.0,23088.75,92.0,28.75,2.1,8521
1789628568.799,299.0,98.0,23088.75,92.0,28.81,2.1,8513
1789628569.799,300.0,98.0,23088.75,92.0,28.81,2.1,8505
1789628570.800,299.0,98.0,23088.75,92.0,28.74,2.1,8497
1789628571.801,299.0,98.0,23088.75,92.0,28.78,2.2,8490
1789628572.802,300.0,98.0,23088.75,93.0,28.69,2.1,8484
1789628573.803,300.0,98.0,23088.75,93.0,28.78,2.1,8478
1789628574.804,299.0,98.0,23088.75,93.0,28.74,2.1,8473
1789628575.805,300.0,98.0,23088.75,93.0,28.75,2.1,8469
1789628576.806,299.0,98.0,23088.75,93.0,28.95,2.2,8469
1789628577.806,300.0,98.0,23088.75,93.0,28.85,2.1,8464
1789628578.807,300.0,98.0,23088.75,93.0,28.79,2.1,8460
1789628579.807,299.0,98.0,23088.75,93.0,28.92,2.2,8460
1789628580.808,299.0,98.0,23088.75,93.0,28.87,2.1,8455
1789628581.809,300.0,98.0,23088.75,93.0,29.02,2.2,8457
1789628582.810,300.0,98.0,23088.75,93.0,28.89,2.1,8455
1789628583.811,83.0,20.0,23088.75,72.0,22.49,0.4,8453
1789628584.813,13.0,0.0,23088.75,61.0,20.57,0.1,8452
1789628585.814,12.0,0.0,23088.75,59.0,20.84,0.1,8449
1789628586.816,12.0,0.0,23088.75,58.0,17.81,0.0,8448
1789628587.818,12.0,0.0,23088.75,58.0,21.69,0.1,8447
1789628588.819,12.0,0.0,23088.75,57.0,17.87,0.0,8446
1789628589.820,12.0,0.0,23088.75,56.0,22.8,0.0,8446
1789628590.821,12.0,0.0,23088.75,56.0,22.93,0.0,8446
1789628591.822,12.0,0.0,23088.75,55.0,19.41,0.1,8446
1789628592.823,12.0,0.0,23088.75,55.0,21.24,0.1,8446
1789628593.825,150.0,51.0,23088.75,66.0,28.63,2.6,8957
1789628594.826,300.0,98.0,23088.75,86.0,28.56,2.1,8957
1789628595.827,299.0,98.0,23088.75,88.0,28.96,2.2,8958
1789628596.828,300.0,98.0,23088.75,89.0,28.88,2.1,8957
1789628597.829,300.0,98.0,23088.75,89.0,29.01,2.2,8957
1789628598.830,300.0,98.0,23088.75,89.0,29.02,2.1,8957
1789628599.832,300.0,98.0,23088.75,89.0,29.05,2.1,8957
1789628600.833,299.0,98.0,23088.75,90.0,28.89,2.2,8956
1789628601.834,300.0,98.0,23088.75,90.0,28.87,2.2,8956
1789628602.834,299.0,98.0,23088.75,90.0,28.83,2.1,8956
1789628603.835,299.0,98.0,23088.75,90.0,28.79,2.1,8956
1789628604.836,300.0,98.0,23088.75,90.0,28.83,2.2,8956
1789628605.837,299.0,98.0,23088.75,91.0,28.85,2.2,8956
1789628606.838,299.0,98.0,23088.75,91.0,28.9,2.1,8956
1789628607.839,300.0,98.0,23088.75,91.0,29.01,2.2,8956
1789628608.841,300.0,98.0,23088.75,91.0,28.99,2.1,8956
1789628609.841,300.0,98.0,23088.75,91.0,28.98,2.2,8956
1789628610.842,299.0,98.0,23088.75,91.0,28.95,2.1,8956
1789628611.843,299.0,98.0,23088.75,91.0,28.98,2.1,8956
1789628612.844,300.0,98.0,23088.75,91.0,28.94,2.1,8956
1789628613.845,300.0,98.0,23088.75,92.0,28.99,2.1,8956
1789628614.846,299.0,98.0,23088.75,92.0,28.95,2.1,8956
1789628615.847,299.0,98.0,23088.75,92.0,28.95,2.1,8956
1789628616.848,300.0,98.0,23088.75,92.0,28.97,2.2,8956
1789628617.849,299.0,98.0,23088.75,92.0,28.93,2.1,8954
1789628618.850,300.0,98.0,23088.75,92.0,28.77,2.1,8952
1789628619.850,299.0,98.0,23088.75,92.0,28.91,2.1,8951
1789628620.851,300.0,98.0,23088.75,92.0,29.08,2.1,8947
1789628621.852,299.0,98.0,23088.75,92.0,29.04,2.1,8946
1789628622.853,300.0,98.0,23088.75,92.0,28.92,2.1,8945
1789628623.854,300.0,98.0,23088.75,93.0,28.81,2.1,8944
1789628624.855,299.0,98.0,23088.75,93.0,28.89,2.2,8944
1789628625.856,299.0,98.0,23088.75,93.0,28.63,2.1,8944
1789628626.857,299.0,98.0,23088.75,93.0,28.64,2.2,8944
1789628627.858,299.0,98.0,23088.75,93.0,28.67,2.1,8944
1789628628.859,300.0,98.0,23088.75,93.0,28.93,2.1,8944
1789628629.861,300.0,98.0,23088.75,93.0,28.94,2.1,8944
1789628630.862,300.0,98.0,23088.75,93.0,28.95,2.2,8944
1789628631.863,300.0,98.0,23088.75,93.0,28.7,2.1,8944
1789628632.863,299.0,98.0,23088.75,93.0,28.76,2.1,8944
1789628633.864,300.0,98.0,23088.75,93.0,28.8,2.1,8944
1789628634.865,300.0,98.0,23088.75,93.0,28.92,2.1,8944
1789628635.866,300.0,98.0,23088.75,93.0,28.95,2.1,8944
1789628636.867,299.0,98.0,23088.75,93.0,29.0,2.2,8944
1789628637.867,300.0,98.0,23088.75,93.0,28.96,2.1,8944
1789628638.868,299.0,98.0,23088.75,93.0,28.91,2.1,8944
1789628639.869,299.0,98.0,23088.75,93.0,28.89,2.1,8944
1789628640.870,300.0,98.0,23088.75,93.0,28.88,2.1,8944
1789628641.871,300.0,98.0,23088.75,93.0,28.92,2.1,8944
1789628642.872,299.0,98.0,23088.75,94.0,28.95,2.1,8944
1789628643.873,299.0,98.0,23088.75,93.0,28.91,2.1,8944
1789628644.874,299.0,98.0,23088.75,94.0,28.87,2.1,8944
1789628645.875,300.0,98.0,23088.75,94.0,28.91,2.2,8944
1789628646.876,300.0,98.0,23088.75,94.0,28.89,2.1,8944
1789628647.877,299.0,98.0,23088.75,94.0,28.93,2.1,8944
1789628648.878,300.0,98.0,23088.75,94.0,28.87,2.2,8944
1789628649.879,300.0,98.0,23088.75,94.0,28.78,2.1,8944
1789628650.880,299.0,98.0,23088.75,94.0,28.8,2.2,8944
1789628651.881,300.0,98.0,23088.75,94.0,28.69,2.1,8944
1789628652.882,299.0,98.0,23088.75,94.0,28.84,2.2,8944
1789628653.883,299.0,98.0,23088.75,94.0,28.84,2.1,8944
1789628654.884,300.0,98.0,23088.75,94.0,28.75,2.1,8943
1789628655.885,299.0,98.0,23088.75,94.0,28.69,2.1,8943
1789628656.885,299.0,98.0,23088.75,94.0,28.61,2.1,8943
1789628657.886,299.0,98.0,23088.75,94.0,28.57,2.1,8943
1789628658.887,299.0,98.0,23088.75,94.0,28.6,2.2,8943
1789628659.888,299.0,98.0,23088.75,94.0,28.61,2.1,8943
1789628660.889,300.0,98.0,23088.75,94.0,28.58,2.1,8943
1789628661.890,300.0,98.0,23088.75,94.0,28.61,2.1,8943
1789628662.891,299.0,98.0,23088.75,94.0,28.8,2.2,8943
1789628663.892,299.0,98.0,23088.75,94.0,28.57,2.1,8943
1789628664.892,300.0,98.0,23088.75,94.0,28.71,2.1,8943
1789628665.893,299.0,98.0,23088.75,94.0,28.69,2.2,8943
1789628666.894,300.0,98.0,23088.75,94.0,28.67,2.1,8943
1789628667.895,300.0,98.0,23088.75,94.0,28.56,2.1,8943
1789628668.896,299.0,98.0,23088.75,94.0,28.73,2.1,8943
1789628669.897,300.0,98.0,23088.75,94.0,28.78,2.2,8943
1789628670.899,299.0,98.0,23088.75,94.0,28.89,2.2,8943
1789628671.900,300.0,98.0,23088.75,94.0,28.91,2.1,8943
1789628672.901,299.0,98.0,23088.75,94.0,28.74,2.2,8943
1789628673.902,299.0,98.0,23088.75,94.0,28.78,2.1,8943
1789628674.903,300.0,98.0,23088.75,94.0,28.86,2.1,8943
1789628675.904,299.0,98.0,23088.75,94.0,28.72,2.2,8943
1789628676.905,300.0,98.0,23088.75,94.0,28.62,2.1,8943
1789628677.906,300.0,98.0,23088.75,94.0,28.68,2.1,8943
1789628678.907,299.0,98.0,23088.75,94.0,28.5,2.2,8943
1789628679.908,299.0,98.0,23088.75,94.0,28.63,2.1,8943
1789628680.909,299.0,98.0,23088.75,94.0,28.91,2.1,8943
1789628681.910,300.0,98.0,23088.75,94.0,28.82,2.1,8943
1789628682.911,299.0,98.0,23088.75,94.0,28.9,2.1,8943
1789628683.911,300.0,98.0,23088.75,95.0,28.83,2.1,8943
1789628684.912,299.0,98.0,23088.75,94.0,28.9,2.2,8943
1789628685.913,300.0,98.0,23088.75,94.0,28.86,2.1,8943
1789628686.914,300.0,98.0,23088.75,94.0,28.97,2.2,8943
1789628687.915,299.0,98.0,23088.75,94.0,28.9,2.1,8943
1789628688.915,300.0,98.0,23088.75,94.0,28.84,2.1,8943
1789628689.917,299.0,98.0,23088.75,94.0,28.79,2.2,8943
1789628690.918,300.0,98.0,23088.75,94.0,28.83,2.1,8943
1789628691.919,299.0,98.0,23088.75,94.0,28.9,2.1,8943
1789628692.919,300.0,98.0,23088.75,94.0,28.93,2.1,8943
1789628693.922,300.0,98.0,23088.75,94.0,28.93,2.2,8943
1789628694.923,300.0,98.0,23088.75,94.0,28.8,2.1,8943
1789628695.924,299.0,98.0,23088.75,94.0,28.69,2.1,8943
1789628696.925,300.0,98.0,23088.75,94.0,28.95,2.1,8943
1789628697.926,300.0,98.0,23088.75,94.0,28.92,2.1,8943
1789628698.927,300.0,98.0,23088.75,95.0,28.92,2.1,8943
1789628699.928,299.0,98.0,23088.75,95.0,28.84,2.2,8943
1789628700.929,300.0,98.0,23088.75,94.0,28.84,2.1,8943
1789628701.930,300.0,98.0,23088.75,94.0,28.73,2.1,8943
1789628702.931,299.0,98.0,23088.75,94.0,28.71,2.2,8943
1789628703.932,300.0,98.0,23088.75,94.0,28.67,2.1,8943
1789628704.933,193.0,61.0,23088.75,84.0,29.47,3.2,9549
1789628705.935,282.0,95.0,23088.75,94.0,24.94,1.6,9549
1789628706.936,299.0,100.0,23088.75,99.0,21.9,1.4,9549
1789628707.937,300.0,100.0,23088.75,99.0,22.94,1.3,9549
1789628708.938,299.0,100.0,23088.75,99.0,22.8,1.4,9549
1789628709.939,300.0,100.0,23088.75,100.0,22.88,1.4,9546
1789628710.940,299.0,100.0,23088.75,100.0,22.03,1.4,9546
1789628711.941,299.0,100.0,23088.75,99.0,22.57,1.4,9546
1789628712.942,299.0,100.0,23088.75,99.0,23.08,1.5,9546
1789628713.943,299.0,100.0,23088.75,99.0,23.03,1.4,9546
1789628714.944,254.0,82.0,23088.75,95.0,21.75,1.4,9546
1789628715.945,22.0,0.0,23088.75,64.0,21.53,0.1,9546
1789628716.947,16.0,0.0,23088.75,61.0,20.48,0.0,9546
1789628717.949,15.0,0.0,23088.75,60.0,21.64,0.0,9546
1789628718.950,15.0,0.0,23088.75,59.0,20.38,0.1,9546
1789628719.952,15.0,0.0,23088.75,58.0,21.03,0.1,9546
1789628720.953,15.0,0.0,23088.75,57.0,18.36,0.0,9546
1789628721.954,15.0,0.0,23088.75,56.0,23.65,0.0,9546
1789628722.957,15.0,0.0,23088.75,56.0,20.87,0.0,9546
